Accelerator physics - Wikipedia,https://en.wikipedia.org/wiki/Accelerator_physics,"Accelerator physics is a branch of applied physics, concerned with designing, building and operating particle accelerators. As such, it can be described as ..."
Accelerator Physics | Department of Physics,https://physics.cornell.edu/research/accelerator-physics,"Accelerator Physics. Cornell accelerator physicists pursue a broad range of topics in accelerator science and technology, from the operation of the ..."
Accelerator Physics authors/titles recent submissions,https://arxiv.org/list/physics.acc-ph/recent,"Accelerator Physics. Authors and titles for recent submissions. Thu, 13 Apr 2023; Wed, 12 Apr 2023; Tue, 11 Apr 2023; Mon, 10 Apr 2023; Fri, 7 Apr 2023."
Accelerator Physics (Fourth Edition),https://library.oapen.org/handle/20.500.12657/50490,"It can be used as preparatory course material in graduate accelerator physics thesis research. The text covers historical accelerator development, transverse ..."
Accelerator Physics | Department of Physics | The University of ...,https://physics.uchicago.edu/research/accelerator-physics/,Accelerator Physics. Investigation of particle and photon beams and their mutual interactions with the goal of developing novel accelerators or radiation ...
Accelerator Physics,https://www.worldscientific.com/worldscibooks/10.1142/11111,Accelerator Physics · Hamiltonian for Particle Motion in Accelerators · Linear Betatron Motion · Effect of Linear Magnet Imperfections · Off-Momentum Orbit ...
Accelerator Physics | National Superconducting Cyclotron ...,https://nscl.msu.edu/researchers/accelerator.html,Accelerator Physics. Accelerators are the workhorses of nuclear physics research — the ones with the muscle to smash atoms so the aftermath can be studied.
Particle Accelerator Physics | SpringerLink,https://link.springer.com/book/10.1007/978-3-319-18317-6,Accelerator Science and Technology · Accelerator physics textbook · Beam dynamics · Beam physics · Charged particle beams · Charged particles dynamics · Free electron ...
"Accelerator Physics (Second Edition): Lee, Shyh-Yuan ...",https://www.amazon.com/Accelerator-Physics-Second-Shyh-Yuan-Lee/dp/9812562001,Buy Accelerator Physics (Second Edition) on Amazon.com ✓ FREE SHIPPING on qualified orders.
Accelerator Technology and Applied Physics Division (ATAP ...,https://atap.lbl.gov/,Accelerator Modeling Program · Advanced Light Source Accelerator Physics · Berkeley Accelerator Controls and Instrumentation (BACI) Program · Berkeley Lab ...
"CERN Accelerator School | Advanced Accelerator Physics, 6 - 18 ...",https://home.cern/news/announcement/cern/cern-accelerator-school-advanced-accelerator-physics-6-18-november-2022,"Jun 1, 2022 ... The programme offers core lectures on accelerator physics in the mornings and a practical course with hands-on tuition in the afternoons."
"At 75, accelerator physics in Newman Lab still pushing limits ...",https://news.cornell.edu/stories/2023/03/75-accelerator-physics-newman-lab-still-pushing-limits,"Mar 22, 2023 ... Accelerator physics has revealed hidden universes, from the Higgs boson to what can be seen on a CT scan – and much of that progress is ..."
Accelerator Physics | Argonne National Laboratory,https://www.anl.gov/hep/accelerator-physics,The Accelerator Physics Group carries out research to enable the next generation of particle accelerators. To make the next generation of world-class ...
Materials | by Year | 15ODU | Accelerator Physics - USPAS,https://uspas.fnal.gov/materials/15ODU/ODU-Accel-Physics.shtml,"Course material from the USPAS course Accelerator Physics given by Todd Satogata, Vasiliy Morozov and Eric Prebys at our 2015 session with Old Dominion ..."
"After 75 years, accelerator physics still going strong in Newman Lab ...",https://as.cornell.edu/news/after-75-years-accelerator-physics-still-going-strong-newman-lab,"Mar 22, 2023 ... Accelerator physics has revealed hidden universes, from the Higgs boson to what can be seen on a CT scan – and much of that progress is ..."
USPAS | Michigan State University (2018) | Accelerator Physics,https://uspas.fnal.gov/programs/2018/msu/courses/accelerator-physics.shtml,Accelerator Physics by Steven Lund and Yue Hao offered at the U.S. Particle Accelerator School sponsored by Michigan State University and held from June ...
Accelerator Physics | DEN NORSKE CERN SIDEN,https://norway.cern/nb/node/554,"ACCELERATOR PHYSICS. In the last 15 years, Norway has built up a significant accelerator science expertise through participation in accelerator research at ..."
Accelerator Physics and Light Sources | Triangle Universities ...,https://tunl.duke.edu/research/our-research/beam-physics,Accelerator Physics and Light Sources. Overview. Duke FEL Lab. Duke FEL ...
Academic Programs:Accelerator Science and Engineering ... - MSU RO,https://reg.msu.edu/academicprograms/ProgramDetail.aspx?Program=ACCELSE_MS,Students will gain a broad understanding of physics and engineering of large accelerators; superconducting radio frequency accelerator physics and ...
Center for Accelerator Science - Old Dominion University,https://ww1.odu.edu/sci/research/cas,More Information about this image. Accelerator Physics. Home · Colleges · College of Sciences · Research · Center for Accelerator Science ...
Accelerator Physics – TAMU Physics & Astronomy,https://physics.tamu.edu/research/applied-physics/accelerator-physics/,Home / Research / Applied Physics / Accelerator Physics. Accelerator Physics. Contacts. Carl Gagliardi Headshot · Carl Gagliardi. Professor.
What is Accelerator Physics?,https://web.ornl.gov/~holmesja1/JHolmes/UTAPCourse/Overview.pdf,"Aug 16, 2004 ... Accelerator physics is a branch of applied physics. The goal is the production of particle beams for other applications."
Accelerator and Beam Physics - NIU - Northern Illinois Center for ...,https://www.niu.edu/nicadd/research/beam.shtml,NIU is home to one of the best university accelerator physics programs in the nation. The program benefits from the close proximity of major accelerator ...
HEP Non-Accelerator Physics | U.S. DOE Office of Science (SC),https://science.osti.gov/hep/Research/Basic-Research/Non-Accelerator-Physics,The field of non-accelerator physics uses naturally occurring particles and phenomena to explore particle and astroparticle physics.
Advanced accelerators | SLAC National Accelerator Laboratory,https://www6.slac.stanford.edu/research/advanced-accelerators,Accelerator physics. Accelerator science and technology have been at the core of SLAC's mission from the beginning. The Accelerator Directorate operates and ...
Lie Methods for Nonlinear Dynamics with Applications to Accelerator ...,https://www.physics.umd.edu/dsat/dsatliemethods.html,"Alex J. Dragt. A book on Lie Methods for Nonlinear Dynamics with Applications to Accelerator Physics is currently in preparation. The most recent version, ..."
Accelerator Physics Fundamentals Online Course – Professor Eric ...,https://eprebys.faculty.ucdavis.edu/accelerator-physics-fundamentals-online-course/,"Accelerator Physics Fundamentals Online Course. (Last updated July 15, 2020 by Eric Prebys). NOTE: For all the linked files on this page, right-click->Save…"
Accelerator physics at LEP - IOPscience,https://iopscience.iop.org/article/10.1088/0034-4885/63/6/203,"Accelerator physics issues and their influence on performance are presented for the Large Electron-Positron (LEP) storage ring at CERN in Geneva, ..."
CAS - CERN Accelerator School : 5th General Accelerator Physics ...,https://cds.cern.ch/record/235242?ln=en,"Conference title, CAS - CERN Accelerator School : 5th General Accelerator Physics Course. Date(s), location, 7 - 18 Sep 1992, Jyväskylä, Finland."
Study Opportunities in Accelerator Physics | Accelerator Directorate,https://accelerators.slac.stanford.edu/divisions/accelerator-research/study,This web page contains information about the accelerator physics study programs and employment opportunities at the SLAC National Accelerator Laboratory.
Education Outreach in Accelerator Physics | Jefferson Lab,https://www.jlab.org/news/stories/education-outreach-accelerator-physics,"Aug 8, 2019 ... ... Carlos Hernandez-Garcia spearheaded a program that brings undergraduate students from Mexico to Jefferson Lab to study accelerator physics."
accelerator-physics · GitHub Topics · GitHub,https://github.com/topics/accelerator-physics,OCELOT is a multiphysics simulation toolkit designed for studying FEL and storage ring-based light sources. python ocelot simulations fel accelerator-physics ...
Postdoctoral Research Associate – Accelerator Physics Description ...,https://jobs.bnl.gov/job/upton/postdoctoral-research-associate-accelerator-physics/3437/40683473520,Postdoctoral Research Associate – Accelerator Physics. Job ID 3505 Date posted 11/30/2022. Brookhaven National Laboratory (www.bnl.gov) delivers discovery ...
SSRL Accelerator Phycics Home Page,https://www-ssrl.slac.stanford.edu/accphy/,"Apr 26, 2002 ... The field tha t can be covered by the Accelerator Physics activities at SSRL is limited by the small staff of accelerator physicists, ..."
Joint University - Fermilab Doctoral Program in Accelerator Physics ...,https://apc.fnal.gov/education/joint_university.html,Accelerator Physics and Technology is an exciting and challenging field with a growing number of diverse career options ranging from basic research in ...
206 Accelerator Physics jobs in United States (13 new),https://www.linkedin.com/jobs/accelerator-physics-jobs,206 Accelerator Physics Jobs in United States (13 new) · Experimental Plasma Physicist · Radio Frequency Engineer I / Engineering/Physicist Accelerator I.
NSF Award Search: Award # 2150125 - REU Site: Accelerator ...,https://www.nsf.gov/awardsearch/showAward?AWD_ID=2150125,The site will support twelve undergraduate students per year in research projects in accelerator physics and synchrotron radiation science.
Accelerator physics | University of Oxford Department of Physics,https://www.physics.ox.ac.uk/research/theme/accelerator-physics,"Accelerator physics · Higgs factories. We are working on the next generation of high energy colliders, both linear with the ILC and CLIC, and circular with the ..."
Particle Accelerator Physics Laboratory ‐ EPFL,https://www.epfl.ch/labs/lpap/,"Laboratory of Particle Accelerator Physics. LPAP team members during a visit of the accelerator facilities at PSI, April 20, 2022."
Accelerator Physics - Department of Physics - University of Liverpool,https://www.liverpool.ac.uk/physics/research/accelerator-physics/,"The Liverpool Accelerator Physics Group is amongst the world-leaders in beam diagnostics development, accelerator and light source design and optimization."
Basic Maths and Physics for Accelerators - CERN Indico,https://indico.cern.ch/event/528094/contributions/2172843/attachments/1322589/1984079/L2_-_Basic_maths_and_physics_for_accelerators.pdf,The magnetic field can be derived from a vector potential A defined by. B = ∇×A. Page 7. Accelerator Physics - UAB 2015-16. C. Biscari - Lecture 2.
Accelerator Physics Overview,https://neutrons.ornl.gov/sites/default/files/Galambos-Accelerator-Physics-Overview.pdf,"May 3, 2010 ... T. Pelaia, C. Allen. Primary development at SNS. • Common software platform for accelerator physics representation, modeling,."
USPAS 2021: Accelerator Physics,https://people.nscl.msu.edu/~lund/uspas/ap_2021/,"USPAS 2021: Accelerator Physics. US Particle Accelerator School Summer Online Session, 2021 June 7 - July 2. Sponsored by Stony Brook University"
Student Opportunities - CLASSE,https://www.classe.cornell.edu/StudentOpportunities/ReuProgram.html,"... in the Cornell Laboratory for Accelerator-based Sciences and Education (CLASSE), which encompasses accelerator-physics research and X-ray science."
Accelerator Science & Technology | TRIUMF : Canada's particle ...,https://www.triumf.ca/research-program/research-topics/accelerator-physics,Accelerator Physics · Detector Development · Molecular & Materials Science · Life Science · Particle Physics · Nuclear Physics Department · Theory Group.
Accelerator Physics - Radiation Safety and Applications | IntechOpen,https://www.intechopen.com/books/accelerator-physics-radiation-safety-and-applications,"Feb 21, 2018 ... Accelerator Physics - Radiation Safety and Applications. Edited by: Ishaq Ahmad and Maaza Malek. ISBN 978-953-51-3835-8, ..."
31. Accelerator Physics of Colliders,https://pdg.lbl.gov/2020/mobile/reviews/pdf/rpp2020-rev-accel-phys-colliders-m.pdf,Accelerator Physics of Colliders. Revised August 2019 by M.J. Syphers (Northern Illinois U.; FNAL) and F. Zimmermann (CERN).
The CERN Accelerator School: Home,https://cas.web.cern.ch/,"The CERN Accelerator School holds training courses on accelerator physics and associated technologies at different levels for physicists, engineers, ..."
USPAS P450B Introduction to Accelerator Physics,http://www.lns.cornell.edu/~dugan/USPAS/,"Particle Accelerator Physics I (2nd edition, 1998), by Helmut Wiedemann. Physics of Collective Beam Instabilities in High Energy Accelerators (1993), ..."
The Center for Accelerator Science and Education | Office of ...,https://www.stonybrook.edu/commcms/bnl/joint-initiatives/case.php,"Litvinenko, who is also Deputy Head of Accelerator Physics R&D at BNL. Deputy Director for Research is Ilan Ben-Zvi, BNL Professor of Physics at SBU and Head of ..."
ASTEC Accelerator Physics,https://www.astec.stfc.ac.uk/Pages/Accelerator-Physics-Group.aspx,The Accelerator Physics (AP) group at ASTeC is responsible for the understanding of charged particle beam behaviour in support of STFC's development of new ...
Transformation of phase space densities under the coordinate ...,https://link.aps.org/doi/10.1103/PhysRevSTAB.13.104403,"Oct 14, 2010 ... Transformation of phase space densities under the coordinate changes of accelerator physics. Gabriele Bassi, James A. Ellison, ..."
Barnes and Noble Fundamentals of Particle Accelerator Physics ...,https://thesummitbirmingham.com/shopnow/product/fundamentals-of-particle-accelerator-physics-barnesnoble-209938,"... particle accelerators at the University of Trieste, Department of Engineering and of Physics, as well as at international schools on accelerator physics."
Does Accelerator-Based Particle Physics Have a Future?: Physics ...,https://physicstoday.scitation.org/doi/10.1063/1.1349610,"E. Esarey, in Handbook of Accelerator Physics and Engineering, A. Chao, M. Tigner, eds., World Scientific, Singapore (1998) p. 543. Google Scholar; 4."
MSc by Research Particle Accelerator Physics (2023 entry) | The ...,https://www.manchester.ac.uk/study/postgraduate-research/programmes/list/12912/msc-by-research-particle-accelerator-physics/,MSc by Research Particle Accelerator Physics / Overview ; Degree awarded: Master of Science (Research) ; Duration: 12 months (full-time) ; Entry requirements.
The 'Iron Man' of accelerator physics education - NIU Today,https://niutoday.info/2016/02/11/the-iron-man-of-accelerator-physics-education/,"Feb 11, 2016 ... “At most universities, if they offered accelerator physics and beam technology courses, maybe one student would be qualified to take it, and the ..."
"Wiedemann,H.:Particle Accelerator Physics | Book series home",https://www.springer.com/series/3128,Book titles in this series. Particle Accelerator Physics I. Basic Principles and Linear Beam Dynamics. Authors: Helmut Wiedemann.
Accelerator physics - Department of Physics and Astronomy - The ...,https://www.physics.manchester.ac.uk/research/areas-of-expertise/accelerator-physics/,Accelerator physics researchers at The University of Manchester specialise in various areas of physics. Find out where their areas of focus lie.
PHD IN ACCELERATOR PHYSICS | SAPIENZA,https://phd.uniroma1.it/web/ACCELERATOR-PHYSICS_nD3504_EN.aspx,All the theoretical courses can also be attended remotely via e-learning The intrinsically international nature of the community behind Accelerator Physics ...
Accelerator Physics | Lancaster University,https://www.lancaster.ac.uk/physics/research/particle-and-accelerator-physics/accelerator-physics/,"Research Activity. Along with our colleagues in the Lancaster University's Engineering Department, the members of the Lancaster accelerator physics group ..."
Lee Teng Undergraduate Internship | Internships,https://internships.fnal.gov/lee-teng-undergraduate-internship/,All interns will take the Fundamentals of Accelerator Physics and Technology with Simulations and Measurements Lab for which 3 units of undergraduate credit ...
Analytical Tools in Accelerator Physics,https://www.bnl.gov/isd/documents/74289.pdf,"Sep 1, 2010 ... This paper is a sub-set of my lectures presented in the Accelerator Physics course. (USPAS, Santa Rosa, California, January 14-25, 2008). It is ..."
Linear accelerator | physics | Britannica,https://www.britannica.com/technology/linear-accelerator-physics,"""linear accelerator"". Encyclopedia Britannica, 31 May. 2013, https://www.britannica.com/technology/linear-accelerator-physics. Accessed 13 April 2023."
Accelerator Physics Linear Optics,https://casa.jlab.org/publications/viewgraphs/USPAS2013/L_3_LinearOptics_Rev1.pdf,USPAS Accelerator Physics June 2013. Linear Beam Optics Outline. • Particle Motion in the Linear Approximation. • Some Geometry of Ellipses.
Accelerator Physics - GSI,https://www.gsi.de/en/work/project_management_fair/accelerator_physics,Department Accelerator physics. Physics of high intensity ion beams. The GSI accelerator physics department contributes to the optimization of the GSI and FAIR ...
"Accelerator Physics - Physics Department - Cal Poly, San Luis Obispo",https://physics.calpoly.edu/accelerator-physics,Accelerator Physics. Sample main image Discover the inner workings of humanity's most complex scientific machines. Research opportunities available with ...
Accelerator physics at LEP - INSPIRE,https://inspirehep.net/literature/530612,"Accelerator physics issues and their influence on performance are presented for the Large Electron-Positron (LEP) storage ring at CERN in Geneva, ..."
Accelerator & Ultrafast Physics | Applied Physics,https://appliedphysics.stanford.edu/accelerator-ultrafast-physics,... uses ultrafast time resolved photoemission and scattering experiments for quantum materials research using tabletop lasers and LCLS. Accelerator Physics.
Accelerator physics: Experiment reveals new options for synchrotron ...,https://www.sciencedaily.com/releases/2021/02/210224113109.htm,"Accelerator physics: Experiment reveals new options for synchrotron light sources. Date: February 24, 2021; Source: Helmholtz-Zentrum Berlin für Materialien ..."
CERN: Progress and prospects for the future of accelerator physics,https://www.innovationnewsnetwork.com/cern-progress-prospects-future-accelerator-physics/17102/,"Jan 17, 2022 ... accelerator physics © 2016-2022 CERN Construction is currently ongoing for the upgrade to the High-Luminosity Large Hadron Collider ..."
"11 Experts In ""accelerator physics"" • Expertise Finder Network",https://network.expertisefinder.com/search-experts?query=accelerator+physics,"11 experts in ""accelerator physics"" found: Profile photo of Donald L. Hartill, expert at Cornell University. Donald L. Hartill. Expert In:."
"Nonlinear Problems in Accelerator Physics, Proceedings of the INT ...",https://www.taylorfrancis.com/books/mono/10.1201/9781003062943/nonlinear-problems-accelerator-physics-proceedings-int-workshop-nonlinear-problems-accelerator-physics-held-berlin-germany-30-march-2-april-1992-martin-berz,"Apr 2, 1992 ... Nonlinear Problems in Accelerator Physics, Proceedings of the INT workshop on nonlinear problems in accelerator physics held in Berlin, Germany, ..."
Department of Energy Announces $17.5 Million for Particle ...,https://www.energy.gov/science/articles/department-energy-announces-175-million-particle-accelerators-science-society-and,"Aug 26, 2021 ... ... students who wish to pursue careers in accelerator physics and engineering but whose home institutions have no accelerator program."
CERN Accelerator School is back in presence with the Basic course ...,https://acceleratingnews.eu/news/issue-40/communication-outreach-aco/cern-accelerator-school-back-presence-basic-course,"Jun 3, 2022 ... ... 20 different nationalities gathered in Appart'City in Ferney-Voltaire (FR) to attend CAS Basics of Accelerator Physics and Technology, ..."
Computational Accelerator Physics - Postdoctoral Researcher Job ...,https://jobs.ieee.org/job/computational-accelerator-physics-postdoctoral-researcher/68482639/,"Mar 15, 2023 ... A new Computational Accelerator Physics - Postdoctoral Researcher job is available in Livermore, California. Check it out on IEEE Job Site."
ICAP'18 - 13th International Computational Accelerator Physics ...,https://www.bmtdynamics.org/ICAP18/,"Announcement. We are pleased to announce that the 13th International Computational Accelerator Physics Conference, ICAP'18, hosted by Michigan State University, ..."
Dynamical Systems & Accelerator Theory - UMD Physics,https://umdphysics.umd.edu/about-us/85.html,... been carrying out long-term research work in the general area of Dynamical Systems with a particular emphasis on applications to Accelerator Physics.
Accelerator physics at NSLS-II: research accomplishments in 2020 ...,https://www.osti.gov/biblio/1776531,"Dec 31, 2020 ... OSTI.GOV Technical Report: Accelerator physics at NSLS-II: research accomplishments in 2020. Title: Accelerator physics at NSLS-II: research ..."
HYBRID Accelerator Physics and Technology Seminar: The ...,https://news.fnal.gov/events/event/hybrid-accelerator-physics-and-technology-seminar-the-alternating-gradient-cct-magnet-a-flexible-technology-for-fixed-field-accelerators/,"HYBRID Accelerator Physics and Technology Seminar: The Alternating Gradient CCT Magnet: a Flexible Technology for Fixed-Field Accelerators · April 11, 2023, 3:30 ..."
Research Area: Accelerator Physics - Exascale Computing Project,https://www.exascaleproject.org/researchareas/accelerator-physics/,"Research Area: Accelerator Physics. Exascale computing for developing powerful accelerators for industry, medicine, and security. single electron beam riding a ..."
Lecture Notes on Topics in Accelerator Physics,https://wiki.jlab.org/ciswiki/images/f/f2/Alex_Chao_Lecture_Notes.pdf,"Topics in Accelerator Physics. Alex Chao. Stanford Linear Accelerator Center. These are lecture notes that cover a selection of topics, some of them under."
Job prospects for accelerator physics | Physics Forums,https://www.physicsforums.com/threads/job-prospects-for-accelerator-physics.995394/,"For a while, I was thinking about pursuing my Master's in physics specializing in accelerator physics for the reasons that, one, ..."
Accelerator Physics 1,https://www.benasque.org/2008nufact/talks_contr/101Elena_day2.pdf,"Accelerator Physics. Transverse motion. Elena Wildner. Acknowldements to. Simon Baird,. Rende Steerenberg,. Mats Lindroos, for course material ..."
ABOUT: Center for Exploration of Energy & Matter: Indiana ...,https://ceem.indiana.edu/about/index.html,"... research (experimental and theoretical) and development in the areas of accelerator physics, nuclear physics and chemistry, and materials research."
Towards C++ object libraries for accelerator physics: AIP ...,https://aip.scitation.org/doi/10.1063/1.45096,"Towards C++ object libraries for accelerator physics. AIP Conference Proceedings 292, 488 (1992); https://doi.org/10.1063/1.45096."
"Accelerator physics: Contemporary Physics: Vol 35, No 4",https://www.tandfonline.com/doi/abs/10.1080/00107519408222094,"A review of Particle Accelerator Physics. By Helmut Wiedemann, (Springer Verlag, Berlin 1993) [445 pp] DM98.00 (hbk), ISBN 3-540-56550-7. Scope: textbook."
A software system for modeling and controlling accelerator physics ...,https://ieeexplore.ieee.org/document/309184,We describe a software system used at the Advanced Light Source for accelerator physics studies and accelerator control. The system consists of a number of ...
Interview with Dr Suzie Sheehy on accelerator physics and the ...,https://www.youtube.com/watch?v=pd6l7Id4HUw,"May 19, 2022 ... ... Through Time – she is a scientist rather than a historian – but she is also quite unusual within her own field of accelerator physics."
Particle Accelerator Physics - Volume I and II (study edition) | Helmut ...,http://www.springer.com/978-3-540-00672-5?wt_mc=ThirdParty.SpringerLink.3.EPR653.About_eBook,This two-volume book serves as a thorough introduction to the field of high-energy particle accelerator physics and beam dynamics.
1996 Computational Accelerator Physics Conference,https://icfa-usa.jlab.org/archive/newsletter/icfa_bd_nl_12/node32.html,"12000 Jefferson Avenue,Newport News, VA 23608, USA3mm The fourth Computational Accelerator Physics Conference, CAP96, was held September 24-27, 1996, ..."
Accelerator Physics Group activities at the APS,https://ops.aps.anl.gov/papers/2003/harkay-APGactivities.pdf,"Accelerator Physics Group activities at the APS. K. Harkay, ANL/APS. Seminar at ALS. 2003 January 8. The submitted manuscript has been created by the."
"$18-$55/hr Accelerator Physics Jobs in Clear Lake Shores, TX","https://www.ziprecruiter.com/Jobs/Accelerator-Physics/-in-Clear-Lake-Shores,TX","Browse 0 CLEAR LAKE SHORES, TX ACCELERATOR PHYSICS jobs from companies (hiring now) with openings. Find job opportunities near you and apply!"
Accelerator physics research and light source development at Duke ...,https://scholars.duke.edu/individual/pub1000108,"Dec 1, 2010 ... The accelerator physics and light source development programs at the Duke Free-Electron Laser Laboratory (DFELL) focus on beam dynamics ..."
Light source and accelerator physics research program at Duke ...,https://scholars.duke.edu/individual/pub1160332,"Jan 1, 2015 ... The light source and accelerator physics research program at Duke Free-Electron Laser Laboratory (DFELL), Triangle Universities Nuclear ..."
Accelerator physics: An undergraduate course in experimental ...,https://aapt.scitation.org/doi/abs/10.1119/1.10235,"Accelerator physics: An undergraduate course in experimental nuclear physics. American Journal of Physics 44, 936 (1976); https://doi.org/10.1119/1.10235."
Accelerator Physics Code Web Repository,https://escholarship.org/uc/item/25n8n9w3,"Accelerator Physics Code Web Repository. 2006. Zimmermann, F.;; Abell, D.;; Bartolini, R.;; Basset, R.;; Benedetto, E.;; Cai, Y.;; Chin, Y.-H.;; Cousineau, ..."
"Schopper Herwig, Editor, Advances of Accelerator Physics and ...",https://www.cambridge.org/core/journals/laser-and-particle-beams/article/schopper-herwig-editor-advances-of-accelerator-physics-and-technology-world-scientific-singapore-1993-762-pp/91B3683F01721F47228F87B89C76CD2E,"Schopper Herwig, Editor, Advances of Accelerator Physics and Technology, World Scientific, Singapore, 1993, 762 pp. - Volume 12 Issue 4."
XFEL Accelerator Physics Information Exchange Home - XFEL ...,https://confluence.desy.de/display/XAPIE/XFEL+Accelerator+Physics+Information+Exchange+Home,XFEL Accelerator Physics Information Exchange Home. Winfried Decking posted on 25. Aug. 2021 14:28h - last edited by Winfried Decking on 15. Sep.
Accelerator Physics 1 | Università degli Studi di Milano Statale,https://www.unimi.it/en/education/degree-programme-courses/2024/accelerator-physics-1,Accelerator Physics 1. A.Y. 2023/2024. 6. Max ECTS. 42. Overall hours. SSD. FIS/01. Language. Italian. Included in the following degree programmes.
"Accelerator Physics Fundamentals - University of California, Davis",https://video.ucdavis.edu/playlist/dedicated/1_ijw40h9n/0_1n0atf15,Skip to content. Guest; My Media · My Playlists · Login. Search. Add New. Media Upload. Guest. My Media · My Playlists · Login.
