Electrostatic particle accelerator - Wikipedia,https://en.wikipedia.org/wiki/Electrostatic_particle_accelerator,"While all linacs accelerate particles in a straight line, electrostatic accelerators use a fixed accelerating field from a single high voltage source, while ..."
Electrostatic accelerators,https://cds.cern.ch/record/1005042/files/p95.pdf,"Aug 5, 2009 ... The principle of electrostatic accelerators is presented. We consider Cockcroft–. Walton, Van de Graaff and Tandem Van de Graaff accelerators."
Radiocarbon Dating Using Electrostatic Accelerators: Negative Ions ...,https://www.science.org/doi/10.1126/science.198.4316.508,"Radiocarbon Dating Using Electrostatic Accelerators: Negative Ions Provide the Key. C. L. Bennett, R. P. Beukens, [...] , M. R. Clover, H. E. Gove, [."
Electrostatic accelerators - CERN Document Server,https://cds.cern.ch/record/1005042?ln=en,"Dec 14, 2006 ... The principle of electrostatic accelerators is presented. We consider Cockcroft– Walton, Van de Graaff and Tandem Van de Graaff accelerators ..."
Electrostatic Accelerators: Fundamentals and Applications ...,https://link.springer.com/book/10.1007/b138596,"About this book. Electrostatic accelerators are an important and widespread subgroup within the broad spectrum of modern, large particle acceleration devices."
Electrostatic Accelerators,https://indico.ictp.it/event/8728/session/2/contribution/2/material/slides/0.pdf,"Electrostatic Accelerators. Joint ICTP-IAEA Workshop on Accelerator Technologies, Basic. Instruments and Analytical Techniques. 21 – 29 October 2019."
On the traceably accurate voltage calibration of electrostatic ...,https://www.sciencedirect.com/science/article/pii/S0168583X15001731,"Apr 15, 2015 ... On the traceably accurate voltage calibration of electrostatic accelerators. Author links open overlay panel J.L.Colauxa. G.Terwagneb"
ELECTROSTATIC ACCELERATORS (Journal Article) | OSTI.GOV,https://www.osti.gov/biblio/4782856-electrostatic-accelerators,The electrostatic accelerators used at Grenoble which give currents of several milliamperes at voltages up to 1.2 Mv are described. In this energy region ...
Introduction to electrostatic accelerators: from basic principles to ...,https://www.iaea.org/online-learning/courses/761/introduction-to-electrostatic-accelerators-from-basic-principles-to-operation-and-maintenance,Introduction to electrostatic accelerators: from basic principles to operation and maintenance. Self-directed. Content offered in. English.
Types of accelerators,http://www.accelerators-for-society.org/about-accelerators/index.php?id=21,"Jul 9, 2013 ... Electrostatic accelerators, such as the Cockcroft-Walton accelerator and the Van de Graaff accelerator make use of what is known as an ..."
Interactive Map of Accelerators,https://nucleus.iaea.org/sites/accelerators/Pages/Interactive-Map-of-Accelerators.aspx,Electrostatic Accelerators. Synchrotron Light Sources. X-ray Free Electron Laser Sources. Interactive Map of Accelerators ...
The Electrostatic Accelerator - Book - IOPscience,https://iopscience.iop.org/book/978-1-64327-356-3,"Electrostatic accelerators have been at the forefront of modern technology since 1932, when Sir John Cockroft and Ernest Walton developed the first ..."
Pages - Electrostatic Accelerators and Ion Beams,https://nucleus.iaea.org/sites/nuclear-instrumentation/Pages/Ion-Beams.aspx,​The NSIL carries out different activities related to electrostatic accelerators and Ion Beam Analysis (IBA) with the aim to promote the IBA techniques ...
Prospects for Electric Dipole Moment Measurement Using ...,https://ui.adsabs.harvard.edu/abs/2019RvAST..10..267T/abstract,"Electrostatic accelerators have played a glorious role in physics, especially for low energy atomic and nuclear physics and electron microscopy."
A New Life for High Voltage Electrostatic Accelerators,https://accelconf.web.cern.ch/IPAC10/papers/mopd018.pdf,"A NEW LIFE FOR HIGH VOLTAGE ELECTROSTATIC ACCELERATORS. P. Beasley, Siemens plc, 23-38 Hythe Bridge St, Oxford, U.K.. O. Heid, T. Hughes, Siemens AG, ..."
Cranking up the voltage in electrostatic accelerators,https://web.ornl.gov/info/news/pulse/no316/story5.shtml,"Jul 19, 2010 ... Electrostatic accelerators have been around for a while in everything from scientific instruments to television sets and inkjet printers."
Ion sources for electrostatic accelerators,https://inis.iaea.org/collection/NCLCollectionStore/_Public/30/012/30012227.pdf,"Ion sources for electrostatic accelerators. Ragnar Hellborg. Department of Physics, University of Lund. Solvegalan 14, SE-223 62 LUND, Sweden."
Recirculating Electrostatic Accelerators,https://apps.dtic.mil/sti/citations/ADA221740,Recirculating Electrostatic Accelerators ... *FREE ELECTRON LASERS · *ELECTROSTATIC ACCELERATORS · MEASUREMENT · RECOVERY · EFFICIENCY · CONFIGURATIONS ...
Experimental tools in Physics: Electrostatic Accelerators Jan Pallon,https://www.nuclear.lu.se/fileadmin/nuclear/Undervisning/ExpVerktyg/ElectrostaticAccs2012.pdf,"Nov 28, 2012 ... Electrostatic Accelerators. Experimental tools in Physics. + High. Voltage U. Ion source, negative ions. 2. Tandem accelerator,."
Developments in small electrostatic accelerators (invited),https://aip.scitation.org/doi/pdf/10.1063/1.1138843,"Developments in sman electrostatic accelerators (invited). Robert D. Rathmell. National Electrostatics Corporation, Middle/on, Wisconsin 53562."
Electrostatic Nuclear Accelerator | Encyclopedia MDPI,https://encyclopedia.pub/entry/31232,Many universities worldwide have electrostatic accelerators for research purposes. charged particles high voltage oscillating. Information.
A Differential Pumping Tube for Electrostatic Accelerators - INSPIRE,https://inspirehep.net/literature/51697,A situation often exists in modern electrostatic accelerators where improved pumping speed is necessary for the removal of ion source or stripper gases and ...
[PDF] Electrostatic accelerators | Semantic Scholar,https://www.semanticscholar.org/paper/Electrostatic-accelerators-Hinterberger/bdc6b154be4a05cfa0bb1b69826cc433c01b77f3,"The principle of electrostatic accelerators is presented. We consider Cockcroft– Walton, Van de Graaff and Tandem Van de Graaff accelerators."
"Status of Electrostatic Accelerators at IUAC, Delhi",https://www2.whoi.edu/site/nosams/wp-content/uploads/sites/124/2021/04/Abstract-S.-Ojha.pdf,"Status of Electrostatic Accelerators at IUAC, Delhi. Sunil Ojha, Sundeep Chopra, Satinath Gargari, Ksh. Devarani, Pankaj Kumar, Rajveer Sharma,."
RADIOCARBON DATING WITH TANDEM ELECTROSTATIC ...,https://repository.arizona.edu/bitstream/handle/10150/652456/669-920-1-PB.pdf?sequence=1,A natural carbon sample. (Mt Shasta) supplied the negative ions from the sputter source. Page 5. Radiocarbon dating with tandem electrostatic accelerators 789.
Title Detail: The Electrostatic Accelerator by Ragnar Hellborg - IOPP,https://store.ioppublishing.org/page/detail/the-electrostatic-accelerator-ragnar-hellborg/?k=9780750329712,"Electrostatic accelerators have been at the forefront of modern technology since 1932, when Sir John Cockroft and Ernest Walton developed the first ..."
Radioisotope Detection with Tandem Electrostatic Accelerators,https://ieeexplore.ieee.org/iel5/23/4330298/04330402.pdf,nology as applied to tandem electrostatic accelerators. These include: 1. Establishing that 14N which differs in mass by only one part in 105 from 14C poses ...
Electrostatic Accelerators: Fundamentals and Applications (Particle ...,https://www.amazon.com/Electrostatic-Accelerators-Fundamentals-Applications-Acceleration/dp/3540239839,Buy Electrostatic Accelerators: Fundamentals and Applications (Particle Acceleration and Detection) on Amazon.com ✓ FREE SHIPPING on qualified orders.
Ultrahigh impedance method to assess electrostatic accelerator ...,https://link.aps.org/doi/10.1103/PhysRevSTAB.18.060101,"Jun 30, 2015 ... This paper describes an investigation of problem-solving procedures to troubleshoot electrostatic accelerators. A novel technique to ..."
Radiocarbon dating using electrostatic accelerators: negative ions ...,https://europepmc.org/article/med/17842139,"Radiocarbon dating with electrostatic accelerators: dating of milligram samples. Bennett CL, Beukens RP, Clover MR, Elmore D, Gove HE, Kilius L, ..."
BNL | Tandem Van de Graaff | About,https://www.bnl.gov/tandem/about.php,"The Tandem facility consists of two model MP electrostatic accelerators, their associated beam transport lines, experimental areas, and test facilities. The ..."
Accelerators - ORNL Physics Division,https://www.phy.ornl.gov/groups/accel/accelerators.html,For More Information. The following links will let you learn more about this topic: • Electrostatic Accelerators -- Univ. of Surrey • Electrostatic Accelerators ...
Electrostatic Particle Accelerators The Cyclotron Linear Particle ...,https://www.birmingham.ac.uk/Documents/college-eps/physics/outreach-documents/secondary-schools-documents/work-experience/poster-three.pdf,"than electrostatic accelerators. • The problem with cyclotrons is Einstein's relativity. As a particle speeds up, its mass increases. This limits the."
Introduction to electrostatic accelerators,https://elearning.iaea.org/m2/course/view.php?id=761,Introduction to electrostatic accelerators: from basic principles to operation and maintenance. This e-learning course presents an aid for personnel wanting ...
RAYMOND GEORGE HERB | Biographical Memoirs: Volume 72 ...,https://www.nap.edu/read/5859/chapter/11,"RAY HERB IS FAMOUS for the design and development of pressurized electrostatic accelerators, which were the most widely used tools for nuclear physics ..."
What is a Particle Accelerator? - YouTube,https://www.youtube.com/watch?v=oUz-g2JTchk,"Sep 6, 2021 ... Some common types are cyclotrons, synchrotrons, linear accelerators and electrostatic accelerators. Some common types are cyclotrons, ..."
"""19 Isotope Production for Medical Applications"" by Andrew D ...",https://cornerstone.lib.mnsu.edu/phys_ast_fac_pubs/93/,Electrostatic Accelerators: Fundamentals and Applications ... In R. Hellborg (Ed.) Electrostatic Accelerators: Fundamental and Applications (pp. 395-412).
Nuclear Structure — Lund University,https://portal.research.lu.se/en/publications/nuclear-structure,"Title of host publication, Electrostatic Accelerators - Fundamentals and Applications. Editors, Ragnar Hellborg. Publisher, Springer. Pages, 413-428."
MO‐D‐BRD‐04: Innovations in Hadron Beam Generation with ...,https://aapm.onlinelibrary.wiley.com/doi/abs/10.1118/1.3182209,"Jul 9, 2009 ... By processing a plasma instead of a pure ion gas, the proposed accelerator is fundamentally different from electrostatic accelerators, ..."
Simulation of the gas density distribution in the accelerator of the ...,https://pubmed.ncbi.nlm.nih.gov/32012610/,"Jan 1, 2020 ... In multiaperture electrostatic accelerators of negative ion sources, the plasma discharge is sustained by injecting gas in the plasma source ..."
S. Perry Schlesinger,https://physicstoday.scitation.org/doi/pdf/10.1063/1.2806538,with electrostatic accelerators! But Herb's contributions were not limited to equipment and accelerators. He and his many students did the early.
THE PLANET OF THE APPS OF ACCELERATORS SBU Physics ...,http://case.physics.stonybrook.edu/images/8/8d/AcceleratorLandscape_2021.pdf,(electrostatic accelerators / early XXth century). –. (betatron / 1923). – linear accelerator - resonant acceleration / 1924-1928. – cyclotron / 1929.
Engines of Discovery: A Century of Particle Accelerators: American ...,https://aapt.scitation.org/doi/10.1119/1.3036116,"The book covers a splendid array of devices from the electrostatic accelerators of the 1930s to the colliders, synchrotron radiation sources, and detectors ..."
"Tuesday afternoon, 13 May 1997",https://epaper.kek.jp/pac97/papers/S4.html,"May 13, 1997 ... Electrostatic Accelerators, RF Guns and Linac Injectors 2, Muon Colliders. Beam Optics of the Fermilab Electron Cooling Recirculation ..."
Analyzing the Wien filters for the DANTE ion accelerator,https://dspace.mit.edu/handle/1721.1/106694?show=full,"Jan 30, 2017 ... Tandem electrostatic accelerators, such as DANTE, are able to produce ions at high energies that can be used to simulate these interactions."
