DOE Announces $18 Million to Advance Particle Accelerator ...,https://www.energy.gov/articles/doe-announces-18-million-advance-particle-accelerator-technologies-and-workforce-0,"Mar 16, 2021 ... WASHINGTON, D.C. – The U.S. Department of Energy (DOE) today announced $18 million in new funding to advance particle accelerator technology ..."
Particle accelerator technology could solve one of the most vexing ...,https://news.fnal.gov/2020/02/particle-accelerator-technology-could-solve-one-of-the-most-vexing-problems-in-building-quantum-computers/,"Feb 26, 2020 ... Particle accelerator technology could solve one of the most vexing problems in building quantum computers ... Last year, researchers at Fermilab ..."
Department of Energy Announces $22 Million to Advance Particle ...,https://www.energy.gov/science/articles/department-energy-announces-22-million-advance-particle-accelerator-technology,"Feb 16, 2022 ... “Particle accelerator technology drives many of today's scientific instruments,” said Dr. Steve Binkley, Acting Director of the Office of ..."
Fundamentals of particle accelerator technology (NPAP MOOC ...,https://www.coursera.org/learn/fundamentals-particle-accelerator-technology,"Fundamentals of particle accelerator technology (NPAP MOOC). 4.6. stars. 90 ratings. Image of instructor, Anders Karlsson ..."
Advancing particle accelerator technology: power and precision,https://www.innovationnewsnetwork.com/advancing-particle-accelerator-technology-power-and-precision/11492/,"May 13, 2021 ... Professor Tor Raubenheimer outlines how particle accelerator technology has evolved and looks at what the future might hold."
New particle accelerator technology gets high speeds in short ...,https://arstechnica.com/science/2014/11/new-particle-accelerator-technology-gets-high-speeds-in-short-distances/,"Nov 9, 2014 ... New particle accelerator technology gets high speeds in short distances. A plasma wakefield takes relativistic electrons and gives them a ..."
HEP Accelerator Stewardship | U.S. DOE Office of Science (SC),https://science.osti.gov/hep/Research/Accelerator-Stewardship,Accelerator Stewardship works to make particle accelerator technology widely available to science and industry by supporting use-inspired basic research in ...
Beam – TAE Technologies | Fusion Power Clean Energy Company,https://tae.com/beam/,TAE's patented particle accelerator technology is a cornerstone of the company's unique fusion configuration. These highly flexible and tunable accelerator ...
Development of particle accelerator technology in Europe: digest of ...,https://www.spiedigitallibrary.org/conference-proceedings-of-spie/11054/2521228/Development-of-particle-accelerator-technology-in-Europe--digest-of/10.1117/12.2521228.full,14 May 2019 Get Citation. Development of particle accelerator technology in Europe: digest of infrastructural and research projects.
Solving Vexing Problem in Building Quantum Computers With ...,https://scitechdaily.com/solving-vexing-problem-in-building-quantum-computers-with-particle-accelerator-technology/,"Feb 29, 2020 ... Solving Vexing Problem in Building Quantum Computers With Particle Accelerator Technology. TOPICS:DOEFermi National Accelerator ..."
Particle Accelerator Technology Could Solve One of the Most ...,https://www.hpcwire.com/off-the-wire/particle-accelerator-technology-could-solve-one-of-the-most-vexing-problems-in-building-quantum-computers/,"Particle Accelerator Technology Could Solve One of the Most Vexing Problems in Building Quantum Computers. March 2, 2020. March 2, 2020 — Last year, ..."
US funds $18 million for particle accelerator technology,https://www.openaccessgovernment.org/particle-accelerator-technology/129528/,"Feb 11, 2022 ... The US Department of Energy (DOE) will fund $18 million for research on particle accelerator technology. The new funding will be directed ..."
Development of particle accelerator technology in Europe: digest of ...,https://inspirehep.net/literature/1736179,"May 14, 2019 ... Development of particle accelerator technology in Europe: digest of infrastructural and research projects."
Gunslinger: BFG On His Hip | Risk of Rain 2 Mods Wiki | Fandom,https://riskofrain2mods.fandom.com/wiki/Gunslinger:_BFG_On_His_Hip,"Unlock Condition. As Gunslinger, learn the Particle Accelerator technology. Others like you also viewed."
The 21st Century Frontier of Particle Accelerator Technology | IEEE ...,https://ieeexplore.ieee.org/document/9575990/,The 21st Century Frontier of Particle Accelerator Technology. Abstract: Modern day RF particle accelerators were born in 1940s and 50s following World War ...
About | Recognition and Accolades - USPAS,https://uspas.fnal.gov/about/about-recognition.shtml,... researchers and practitioners who are skilled in harnessing the research potential of particle accelerator technology to advance science and engineering ...
NorthStar Medical Radioisotopes and IBA Sign Agreement for Two ...,https://www.itnonline.com/content/northstar-medical-radioisotopes-and-iba-sign-agreement-two-additional-rhodotron-electron,"Sep 22, 2022 ... ... applications and medical imaging, and IBA (Ion Beam Applications S.A., EURONEXT), a world leader in particle accelerator technology, ..."
About I.FAST | IFAST,https://ifast-project.eu/about,"Support the ongoing transfer of particle accelerator technology into applied science and societal applications, contributing to the development of ..."
Bill Nye-backed startup uses particle accelerator to make solar ...,https://www.computerworld.com/article/3173166/bill-nye-backed-startup-uses-particle-accelerator-to-make-solar-panels-60-cheaper.html,"Feb 22, 2017 ... ""Their attempt to apply particle accelerator technology currently used for medical applications to cleave a thin wafer from a float-zone ..."
Laser Particle Accelerator Technology Research Group | Wigner ...,https://wigner.hu/en/high-energy-experimental-particle-and-heavy-ion-physics/laser-particle-accelerator-technology,"The Laser Particle Accelerator Technology Research Group participates in the development of novel particle acceleration technologies where ultra-short, ..."
"Particle accelerator innovation steers greener, cleaner shipping ...",https://ec.europa.eu/research-and-innovation/en/projects/success-stories/all/particle-accelerator-innovation-steers-greener-cleaner-shipping,"May 28, 2020 ... EU-funded researchers have developed particle accelerator technology capable of removing harmful sulphur and nitrogen oxide emissions from ..."
Stanford Scientists Build Chip-Size Particle Accelerator | Courthouse ...,https://www.courthousenews.com/stanford-scientists-build-chip-size-particle-accelerator/,"Jan 2, 2020 ... ... two miles – so one built to such a small scale represents a huge advancement in particle accelerator technology given its varied uses."
ERDC Media,https://www.erdc.usace.army.mil/Media/?videoid=868563,"Particle Accelerator Technology for Extending Pavement Life. Our pavement infrastructure is a critical national asset that impacts military mobility, ..."
HIAT 2012 Home,https://www.phy.anl.gov/hiat12/,"Pantechnik - Particle Accelerator Technology - World Leader in ECR Ion Sources · Vacuum One - State of the Art Vacuum Solutions, Complete Customization, ..."
Particle accelerators join fight against brain cancer | symmetry ...,https://www.symmetrymagazine.org/article/january-2014/particle-accelerators-join-fight-against-brain-cancer,"Jan 7, 2014 ... The key to making BNCT work, they think, could lie in particle accelerator technology. Daniel Silbergeld, a University of Washington ..."
Electrons surf protons' waves in a new kind of particle accelerator,https://www.sciencenews.org/article/electrons-protons-plasma-waves-particle-accelerator,"Aug 29, 2018 ... Particle accelerator technology has crested a new wave. For the first time, scientists have shown that electrons can gain energy by surfing ..."
Antonio Gilardi's Profile | Stanford Profiles,https://profiles.stanford.edu/antonio-gilardi,"Specialization, European Scientific Institute (ESI), Particle accelerator - Technology (2018). Specialization, European Scientific Institute (ESI), ..."
In the present state of particle accelerator technology there are three ...,https://www.sciencedirect.com/science/article/pii/0029554X60900380/pdf?md5=7c0316c4c283dc964a38897d97d8a228&pid=1-s2.0-0029554X60900380-main.pdf,In the present state of particle accelerator technology there are three types of accelerators which may be considered for precision nuclear.
The Medical Applications of Particle Accelerators,https://www.azom.com/article.aspx?ArticleID=11950,"Apr 21, 2015 ... Currently plasma therapy does not make use of particle accelerator technology. The combination of the two technologies could be interesting."
PAC 2003 Photo 2: Wilson Prize; Particle Accelerator Science and ...,https://accelconf.web.cern.ch/p03/FRONT/PHOTO2.HTM,Two awards are given to recognize outstanding contributions to the development of particle accelerator technology. See text above. Citations:.
Collaboration on “Particle Accelerator Technology” leading to the ...,https://indico.fnal.gov/event/9338/attachments/73822/88569/Institutions_Deliverables_document_for_RD_Phase_1_and_2.pdf,"Collaboration on “Particle Accelerator Technology” leading to the construction of High Intensity Proton Accelerators at Fermilab, USA and an Indian DAE ..."
Quantum computing technology and applications – SQMS Center,https://sqmscenter.fnal.gov/research/quantum-computing-technology-and-applications/,Particle accelerator technology to advance QIS. One of the Center's main strengths comes from Fermilab's expertise in developing and building complex ...
DOE to award $22 million for cross-cutting accelerator R&D -- ANS ...,https://www.ans.org/news/article-3681/doe-to-award-22-million-for-crosscutting-accelerator-rd/,"Feb 22, 2022 ... Researchers advancing particle accelerator technology for medical, security, energy, and industrial applications have a new funding ..."
Daresbury Particle Accelerator Technology Open for Business - Sci ...,https://www.sci-techdaresbury.com/daresbury-particle-accelerator-technology-open-for-business/,"Apr 17, 2013 ... Scientists say this heralds exciting new opportunities for industry to apply the latest particle accelerator technology to its critical ..."
Dawn of Particle Accelerator Technology,https://www2.kek.jp/accl/sokendai/corecurriculum/corecurri13/Takata/acf131024-1-web.pdf,Dawn of Particle Accelerator Technology. Contents. 1 discovery of artificial nuclear disintegration（1919 - 1932） and birth of particle accelerators.
A Metamaterial for Next Generation Particle Accelerators - Physics,https://physics.aps.org/articles/v11/137,"Jan 7, 2019 ... ... the potential of custom-engineered metamaterials to yield higher accelerating gradients than current particle accelerator technology allows."
U.S. Department of Energy Selects Brookhaven National Laboratory ...,https://www.bnl.gov/newsroom/news.php?a=116996,"Jan 9, 2020 ... “The EIC promises to keep America in the forefront of nuclear physics research and particle accelerator technology, critical components of ..."
World record: Plasma accelerator operates right around the clock ...,https://www.sciencedaily.com/releases/2020/08/200819102820.htm,"Aug 19, 2020 ... ""This brings us a big step closer to the steady operation of this innovative particle accelerator technology,"" says DESY's Andreas R. Maier, ..."
Cern findings on particle accelerator technology presented at Malta ...,https://timesofmalta.com/articles/view/cern-findings-on-particle-accelerator-technology-presented-at-malta.610132,"Apr 26, 2016 ... Recent findings on the state-of-the art particle accelerator technology were this morning presented by the European Organisation for Nuclear ..."
Rayton | StartEngine,https://www.startengine.com/offering/rayton-solar,"Particle Accelerator Technology. We intend to use a high-current, high-voltage proton particle accelerator from Phoenix Laboratories to slice GaAs wafers, ..."
Crystal Laser Wakefield Accelerator and Its Applications - Available ...,https://techtransfer.universityofcalifornia.edu/NCD/24852.html,Current particle accelerator technology is based on radio-frequency waves propagating in vacuum tubes.The accelerating gradient in RF accelerators has an ...
Cornell gets NSF grant to advance particle accelerator research ...,https://whcuradio.com/news/025520-cornell-gets-nsf-grant-to-advance-particle-accelerator-research/,ITHACA — A group of scientists led by staff at Cornell University has been given $23 million for further work on particle accelerator technology.
particle accelerator - French translation – Linguee,https://www.linguee.com/english-french/translation/particle+accelerator.html,commitment to improving its particle accelerator technology and related equipment. group.iba-worldwide.com. group.iba-worldwide.com.
NorthStar Medical Radioisotopes and IBA Sign Contract for ...,https://www.northstarnm.com/northstar-medical-radioisotopes-and-iba-sign-contract-for-rhodotron-electron-beam-accelerator-for-commercial-production-of-therapeutic-radioisotope-actinium-225-ac-225/,"Nov 18, 2021 ... ... EURONEXT), the world leader in particle accelerator technology, today announced a new contract in which NorthStar will purchase a third ..."
Diamond: Britain's answer to the Large Hadron Collider | Particle ...,https://www.theguardian.com/science/2014/feb/01/diamond-britain-large-hadron-collider-particle-accelerator,"Feb 1, 2014 ... Synchrotrons were part of the earliest particle accelerator technology, dating back to the 1940s, and were soon found to have an unwanted ..."
Online Course (free) - Fundamentals of Particle Accelerator ...,https://www.linxs.se/educational/online-course-fundamentals-of-particle-accelerator-technology,Online Course (free) - Fundamentals of Particle Accelerator Technology (NPAP MOOC 2). NPAP_fundamentals_particle_acc_title_slide_1.png.
Cyclotron - Wikipedia,https://en.wikipedia.org/wiki/Cyclotron,"Cyclotrons were the most powerful particle accelerator technology until the 1950s, when they were superseded by the synchrotron. Despite no longer being the ..."
Applications – RadiaBeam,https://radiabeam.com/applications/,"... years' experience applying particle accelerator technology to a broad range of successful applications, including medical, food, security, and energy."
Startup to Shrink Miles-long Plasma Accelerators to Room Size ...,https://www.photonics.com/Articles/Startup_to_Shrink_Miles-long_Plasma_Accelerators/a68399,"Austin, Texas-based TAU Systems raised $15 million in seed investment that the company will use to develop compact particle accelerator technology. Ac."
Texas Company Creating Tiny Particle Accelerators for People to Buy,https://www.newsweek.com/small-particle-plasma-accelerator-development-1745756,"Sep 26, 2022 ... TAU Systems, based in Austin, has developed a prototype miniature plasma accelerator that could allow particle accelerator technology to be ..."
Particle accelerator prototype achieves significant milestone | E&T ...,https://eandt.theiet.org/content/articles/2011/04/particle-accelerator-prototype-achieves-significant-milestone/,"Apr 1, 2011 ... A new particle accelerator technology was hailed as achieving an “outstanding milestone”. Scientists around the world are celebrating the ..."
Degree Level: Bachelor's + Area: Computing/Technology | Internships,https://internships.fnal.gov/degree-level-bachelors-area-computing-technology/,Interns work with Fermilab scientists and engineers at the frontier of scientific research in physics and particle accelerator technology.
Start-up of the day: Dynaxion uses particle acceleration technology ...,https://innovationorigins.com/en/start-up-of-the-day-dynaxion-uses-particle-acceleration-technology-to-detect-drugs-and-explosives/,"Sep 4, 2019 ... How do you use the particle accelerator technology? With the particle accelerator, you can generate neutrons. If you bombard a parcel or a ..."
Cryocooler Technology for Electron Particle Accelerators,https://cryocooler.org/resources/Documents/C21/077.pdf,Particle accelerator technology is ubiquitous in modern discovery science. Accelerators are no longer limited to the more well-known high energy physics ...
About Us,https://accelerad.com/about-us,"AcceleRAD Technologies (ART) Inc, located in Silicon Valley, known as the world's center for linear particle accelerator technology, was formed to bring a ..."
New traineeship offers students entrée into a | EurekAlert!,https://www.eurekalert.org/news-releases/943521,"Feb 15, 2022 ... ... science and gain invaluable hands-on experience in particle accelerator technology, operations and/or research and development."
Manchester team creates pocket-sized particle accelerator,https://www.theengineer.co.uk/content/news/manchester-team-creates-pocket-sized-particle-accelerator/,"Aug 11, 2020 ... The new device has been hailed as a leap forward in particle accelerator technology. Image: UoM Morgan Hibberd."
High power particle accelerator for driving the nuclear waste ...,https://search.proquest.com/openview/9248eecd0112d2502c891928ff38293b/1?pq-origsite=gscholar&cbl=4998668,The development of high power particle accelerator technology which can produce high power proton beam to induce nuclear spallation reaction has introduced ...
CERN intensifies collaboration with Brazil through scientific ...,https://home.cern/news/news/cern/cern-intensifies-collaboration-brazil-through-scientific-agreement-leading-research,"Dec 8, 2020 ... These include particle accelerator technology, magnet design and the study of superconducting materials. “I am delighted to sign this ..."
TAU Systems to build a new generation of compact particle ...,https://www.neimagazine.com/news/newstau-systems-to-build-a-new-generation-of-compact-particle-accelerators-10061161,"Oct 4, 2022 ... This remarkable result made the laser-driven particle accelerator technology reach at once the level of performance of the largest ..."
"Thomas J. Morgan - Faculty, Wesleyan University",https://www.wesleyan.edu/academics/faculty/tmorgan/profile.html,My lab unifies laser technology with particle accelerator technology to produce a sophisticated spectrometer for precision studies of high energy molecular ...
"Ion Beam Applications SA (IOBCF) Stock Price, News, Quote ...",https://finance.yahoo.com/quote/iobcf/,"... (Ion Beam Applications S.A), the world leader in particle accelerator technology, today announces its consolidated results for the 2022 financial year."
ION BEAM APPLICATIONS SA (IOB.MU) Latest Press Releases ...,https://ca.finance.yahoo.com/quote/IOB.MU/press-releases,"Louvain-la-Neuve, Belgium, 14 March 2023 - IBA (Ion Beam Applications S.A., EURONEXT), the world leader in particle accelerator technology wants to hire 100 ..."
Accelerator Physics | DEN NORSKE CERN SIDEN,https://norway.cern/nb/node/554,"Particle accelerator technology developed at CERN is also being used in advanced medical applications, for example particle therapy for cancer."
8 finalists announced: Meet the innovators working on novel ...,https://www.opioiddetectionchallenge.com/meet-the-finalists/,"Jun 11, 2019 ... Atomic-level Drug Detection (Dynaxion): A solution to use high-frequency radio waves in a particle accelerator technology developed by the ..."
"Particle Beam Weapons: Technology Area, Advantages and ...",https://www.electronicsforu.com/technology-trends/particle-beam-weapons-technology-areas-advantages-limitations,"Sep 13, 2016 ... Particle accelerator technology. The particle accelerator is the source of high-energy particle beam and is therefore the heart of the ..."
Researchers Demonstrate 'Accelerator on a Chip' | SLAC National ...,https://www6.slac.stanford.edu/news/2013-09-27-researchers-demonstrate-accelerator-chip,"Sep 27, 2013 ... ... long were used to accelerate electrons at a rate 10 times higher than conventional particle accelerator technology. (Brad Plummer/SLAC)."
IBA Dosimetry expands its myQA® iON technology into Radiation ...,https://www.iba-worldwide.com/content/iba-dosimetry-expands-its-myqa-ion-technology-radiation-therapy,"Oct 24, 2022 ... ... 24 October, 2022 – IBA (Ion Beam Applications S.A., EURONEXT), the world leader in particle accelerator technology and a world-leading ..."
Accelerators for America's Future | Home,http://www.acceleratorsamerica.org/,"Particle accelerator technology is the focus of the UK's Cockcroft Institute of Accelerator Science and Technology, located at Daresbury Laboratory, UK."
IBA and NorthStar Medical Radioisotopes Sign Contract for ...,http://www.iba-radiopharmasolutions.com/iba-and-northstar-medical-radioisotopes-sign-contract-rhodotronr-electron-beam-accelerator,"Nov 18, 2021 ... ... 2021 </strong>– IBA (Ion Beam Applications S.A., EURONEXT), the world leader in particle accelerator technology, and NorthStar Medical ..."
Anna Grassellino is awarded New Horizons in Physics Prize ...,https://news.northwestern.edu/stories/2022/10/anna-grassellino-awarded-new-horizons-in-physics-prize/,"Oct 31, 2022 ... ... of the 2023 New Horizons in Physics Prize for her work and impact in particle accelerator technology and quantum information science."
New Traineeship Offers Students Entrée into Accelerator Science ...,https://www.jlab.org/news/releases/new-traineeship-offers-students-entree-accelerator-science,"Feb 15, 2022 ... ... science and gain invaluable hands-on experience in particle accelerator technology, operations and/or research and development."
Why hasn't the particle accelerator technology been experimented ...,https://www.quora.com/Why-hasnt-the-particle-accelerator-technology-been-experimented-with-to-produce-artificial-gravity-As-the-particles-approach-the-speed-of-flight-their-mass-approaches-infinite-mass,Why hasn't the particle accelerator technology been experimented with to produce artificial gravity? As the particles approach the speed of flight their ...
High power particle accelerator for driving the nuclear waste ...,https://iopscience.iop.org/article/10.1088/1742-6596/1825/1/012093,The development of high power particle accelerator technology which can produce high power proton beam to induce nuclear spallation reaction has introduced ...
Ion Beam Technology and Applications | IntechOpen,https://www.intechopen.com/welcome/31e703a1c7b8c2133447ca969b16ac39,"For this aim, not only ion beam technology but also particle accelerator technology used in ion beam technology also stands out. It is obvious that ion beam ..."
Our Small Step Can Make Big Changes at ... - KV Electronics,https://kv-electronics.com/news-events/kv-electronics-our-small-step-can-make-big-changes-international-ipac-conference-2022-bangkok-thailand,"Feb 26, 2022 ... ... national/international policies and systems used to enhance all levels of collaboration in particle accelerator technology among the ..."
Industry Session – IPAC22,https://www.ipac22.org/industry-session/,"Topic: Particle Accelerator Technology: From Research to Industry – Present Global Overview and How to Move Forward. Date and Time: Wednesday, June 15, ..."
"Israel, Iran, Jordan And Turkey In A Joint Science Project",https://nocamels.com/2012/03/israel-iran-jordan-and-turkey-in-joint-science-project/,"Mar 15, 2012 ... Particle Accelerator - Technology News - Israel. In an extraordinary act of regional cooperation, Israel, Iran, Jordan and Turkey are to ..."
A Review of the Use of Particle Accelerators as a Potential ...,https://journals.scholarpublishing.org/index.php/AIVP/article/view/11458,"Jan 8, 2022 ... ... IL to discuss the use of particle accelerator technology for wastewater treatment and biosolids management, inform wastewater treatment ..."
Multiphysics Analysis of RF Cavities for Particle Accelerators ...,https://www.comsol.com/paper/multiphysics-analysis-of-rf-cavities-for-particle-accelerators-perspective-and-o-35802,"Particle accelerator technology evolves gradually towards improving reliability and efficiency of the accelerator machines, which would reduce their cost ..."
Particle Physics Makes a Difference in Your Life - Particle Physics ...,https://www.usparticlephysics.org/brochure/benefits/,"... originally developed to model particle detectors, and treatments with gamma rays and protons are delivered using particle accelerator technology."
"Phoenix Nuclear Labs - Products, Competitors, Financials ...",https://www.cbinsights.com/company/phoenix-nuclear-labs,"Jul 17, 2017 ... In the dozen years it's been operating, Monona, WI-based Phoenix has developed particle accelerator technology with applications in areas ..."
Editorial: Medical Application and Radiobiology Research of Particle ...,https://www.ncbi.nlm.nih.gov/pmc/articles/PMC9356341/,"Jul 22, 2022 ... ... especially the development of particle accelerator technology and the continuous deepening of aerospace research, which has made the ..."
Watch Out: How North Korea Could Secretly Make Nuclear ...,https://nationalinterest.org/feature/watch-out-how-north-korea-could-secretly-make-nuclear-16326,"May 24, 2016 ... In most tales of magic the enchantment comes at a price, and so it is with particle accelerator technology. A device capable of nuclear ..."
NorthStar Medical Radioisotopes and IBA Sign Agreement for Two ...,https://www.iba-industrial.com/northstar-medical-radioisotopes-and-iba-sign-agreement-for-two-additional-rhodotron-electron-beam-accelerators-for-commercial-production-of-radioisotopes/,"Sep 20, 2022 ... ... the world leader in particle accelerator technology, and NorthStar Medical Radioisotopes, LLC, a global innovator in the development, ..."
220317 Snomass Incustrial WP v15,https://www.slac.stanford.edu/econf/C210711/papers/2203.10377.pdf,"It is not uncommon for the US high energy physics community to develop state-of-the-art particle accelerator technology, and later having to buy that same."
Illinois « ORNL Collaboration @ Oak Ridge National Laboratory,https://states.ornl.gov/illinois/,"... DOE Office of Science laboratory focused on particle physics that partners with ORNL on computing, particle accelerator technology, and quantum science."
Introduction to a Novel nm Processing Technology Using ...,https://mitnano.mit.edu/events/introduction-novel-nm-processing-technology-using-accelerated-neutral-atoms-nov-5,"Nov 5, 2020 ... ... the industry's first chargeless atomic particle accelerator technology (contrast to charge particle methods such as Plasma and Ion Beam.)."
Reactors are indispensable - Pallas Reactor,https://www.pallasreactor.com/en/usefulness-and-necessity/reactors-are-indispensable/,Molybdenum-99 using particle accelerator technology has yet to be proven. The Lighthouse Initiative (Belgium) and Shine Medical Technologies LLC (SHINE) ...
1+ Free Linear Accelerator & Particle Accelerator Images - Pixabay,https://pixabay.com/images/search/linear%20accelerator/,Related Images: particle accelerator technology science linac machinery. Hundreds of linear accelerator images to choose from. Free high resolution picture ...
$42k-$145k Particle Accelerator Jobs (NOW HIRING),https://www.ziprecruiter.com/Jobs/Particle-Accelerator,"To maintain leadership in particle accelerator technology, the SNS has been developing an R&D program investigating the application of intense terahertz ..."
"Ion Beam Applications SA (IBAB.BR) stock price, news, quote & history",https://uk.finance.yahoo.com/quote/IBAB.BR/,"... (Ion Beam Applications S.A), the world leader in particle accelerator technology, today announces its consolidated results for the 2022 financial year."
"Technology Department (TE), 2009 - Present | CERN Scientific ...",https://scientific-info.cern/archives/history_CERN/internal_organisation/TE,"Jul 18, 2020 ... ... guarantee permanence of expertise, follow the state-of-the-art and to develop knowledge in the particle accelerator technology fields."
RadiaBeam Technologies | LinkedIn,https://www.linkedin.com/company/radiabeam-technologies,"Mar 22, 2023 ... RadiaBeam Technologies | 2550 followers on LinkedIn. The one-stop shop for particle accelerator technology | RadiaBeam is unique in the ..."
Danfysik,https://www.danfysik.com/,High performance particle accelerator technology. Danfysik accelerator system and accelerator components are in service at most particle accelerator ...
Plasma cleaning for UHV applications: particle accelerators ...,https://plasmatreatment.co.uk/knowledge-base/case-studies/132-plasma-cleaning-for-uhv-applications-particle-accelerators,"Daresbury Laboratory based in the UK and a centre for worldwide particle accelerator technology, approached Henniker Plasma to look at the potential of ..."
Accelerator Physics | DEN NORSKE CERN SIDEN,https://info-norway.web.cern.ch/nb/node/554,"Particle accelerator technology developed at CERN is also being used in advanced medical applications, for example particle therapy for cancer."
IP-EUROTRANS Internal Training Course ITC4: “Particle Accelerator ...,https://enen.eu/wp-content/uploads/2021/01/itc4_announcement_final1-1-IAP-FU.pdf,“Particle Accelerator Technology ”. Date: 10th -11th May 2007. Organizer: Prof. em. Dr. Horst Klein. Institut für Angewandte Physik.
Particle accelerator,https://www.slideshare.net/IshaMahar1/particle-accelerator-71329786,"Jan 24, 2017 ... Hospitals use particle accelerator technology to treat thousands of patients per year, with fewer side effects than traditional treatments."
How have advances in particle accelerator technology helped in the ...,https://slideplayer.com/slide/1465581/,"Presentation on theme: ""How have advances in particle accelerator technology helped in the discovery of quarks?""— Presentation transcript: 1 How have advances ..."
